[
	{ "name": "(GMT −11:00) Pacific/Midway", "city": "Pacific/Midway"},
	{ "name": "(GMT −11:00) Pacific/Niue", "city": "Pacific/Niue"},
	{ "name": "(GMT −11:00) Pacific/Pago_Pago", "city": "Pacific/Pago_Pago"},
	{ "name": "(GMT −11:00) Pacific/Samoa", "city": "Pacific/Samoa"},
	{ "name": "(GMT −11:00) US/Samoa", "city": "US/Samoa"},
	{ "name": "(GMT −10:00) America/Adak", "city": "America/Adak"},
	{ "name": "(GMT −10:00) America/Atka", "city": "America/Atka"},
	{ "name": "(GMT −10:00) HST", "city": "HST"},
	{ "name": "(GMT −10:00) Pacific/Honolulu", "city": "Pacific/Honolulu"},
	{ "name": "(GMT −10:00) Pacific/Johnston", "city": "Pacific/Johnston"},
	{ "name": "(GMT −10:00) Pacific/Rarotonga", "city": "Pacific/Rarotonga"},
	{ "name": "(GMT −10:00) Pacific/Tahiti", "city": "Pacific/Tahiti"},
	{ "name": "(GMT −10:00) US/Aleutian", "city": "US/Aleutian"},
	{ "name": "(GMT −10:00) US/Hawaii", "city": "US/Hawaii"},
	{ "name": "(GMT −09:30) Pacific/Marquesas", "city": "Pacific/Marquesas"},
	{ "name": "(GMT −09:00) America/Anchorage", "city": "America/Anchorage"},
	{ "name": "(GMT −09:00) America/Juneau", "city": "America/Juneau"},
	{ "name": "(GMT −09:00) America/Metlakatla", "city": "America/Metlakatla"},
	{ "name": "(GMT −09:00) America/Nome", "city": "America/Nome"},
	{ "name": "(GMT −09:00) America/Sitka", "city": "America/Sitka"},
	{ "name": "(GMT −09:00) America/Yakutat", "city": "America/Yakutat"},
	{ "name": "(GMT −09:00) Pacific/Gambier", "city": "Pacific/Gambier"},
	{ "name": "(GMT −09:00) US/Alaska", "city": "US/Alaska"},
	{ "name": "(GMT −08:00) America/Dawson", "city": "America/Dawson"},
	{ "name": "(GMT −08:00) America/Ensenada", "city": "America/Ensenada"},
	{ "name": "(GMT −08:00) America/Los_Angeles", "city": "America/Los_Angeles"},
	{ "name": "(GMT −08:00) America/Santa_Isabel", "city": "America/Santa_Isabel"},
	{ "name": "(GMT −08:00) America/Tijuana", "city": "America/Tijuana"},
	{ "name": "(GMT −08:00) America/Vancouver", "city": "America/Vancouver"},
	{ "name": "(GMT −08:00) America/Whitehorse", "city": "America/Whitehorse"},
	{ "name": "(GMT −08:00) Canada/Pacific", "city": "Canada/Pacific"},
	{ "name": "(GMT −08:00) Canada/Yukon", "city": "Canada/Yukon"},
	{ "name": "(GMT −08:00) Mexico/BajaNorte", "city": "Mexico/BajaNorte"},
	{ "name": "(GMT −08:00) Pacific/Pitcairn", "city": "Pacific/Pitcairn"},
	{ "name": "(GMT −08:00) US/Pacific", "city": "US/Pacific"},
	{ "name": "(GMT −08:00) US/Pacific-New", "city": "US/Pacific-New"},
	{ "name": "(GMT −07:00) America/Boise", "city": "America/Boise"},
	{ "name": "(GMT −07:00) America/Cambridge_Bay", "city": "America/Cambridge_Bay"},
	{ "name": "(GMT −07:00) America/Chihuahua", "city": "America/Chihuahua"},
	{ "name": "(GMT −07:00) America/Creston", "city": "America/Creston"},
	{ "name": "(GMT −07:00) America/Dawson_Creek", "city": "America/Dawson_Creek"},
	{ "name": "(GMT −07:00) America/Denver", "city": "America/Denver"},
	{ "name": "(GMT −07:00) America/Edmonton", "city": "America/Edmonton"},
	{ "name": "(GMT −07:00) America/Fort_Nelson", "city": "America/Fort_Nelson"},
	{ "name": "(GMT −07:00) America/Hermosillo", "city": "America/Hermosillo"},
	{ "name": "(GMT −07:00) America/Inuvik", "city": "America/Inuvik"},
	{ "name": "(GMT −07:00) America/Mazatlan", "city": "America/Mazatlan"},
	{ "name": "(GMT −07:00) America/Ojinaga", "city": "America/Ojinaga"},
	{ "name": "(GMT −07:00) America/Phoenix", "city": "America/Phoenix"},
	{ "name": "(GMT −07:00) America/Shiprock", "city": "America/Shiprock"},
	{ "name": "(GMT −07:00) America/Yellowknife", "city": "America/Yellowknife"},
	{ "name": "(GMT −07:00) Canada/Mountain", "city": "Canada/Mountain"},
	{ "name": "(GMT −07:00) Mexico/BajaSur", "city": "Mexico/BajaSur"},
	{ "name": "(GMT −07:00) Navajo", "city": "Navajo"},
	{ "name": "(GMT −07:00) US/Arizona", "city": "US/Arizona"},
	{ "name": "(GMT −07:00) US/Mountain", "city": "US/Mountain"},
	{ "name": "(GMT −06:00) America/Bahia_Banderas", "city": "America/Bahia_Banderas"},
	{ "name": "(GMT −06:00) America/Belize", "city": "America/Belize"},
	{ "name": "(GMT −06:00) America/Chicago", "city": "America/Chicago"},
	{ "name": "(GMT −06:00) America/Costa_Rica", "city": "America/Costa_Rica"},
	{ "name": "(GMT −06:00) America/El_Salvador", "city": "America/El_Salvador"},
	{ "name": "(GMT −06:00) America/Guatemala", "city": "America/Guatemala"},
	{ "name": "(GMT −06:00) America/Indiana/Knox", "city": "America/Indiana/Knox"},
	{ "name": "(GMT −06:00) America/Indiana/Tell_City", "city": "America/Indiana/Tell_City"},
	{ "name": "(GMT −06:00) America/Knox_IN", "city": "America/Knox_IN"},
	{ "name": "(GMT −06:00) America/Managua", "city": "America/Managua"},
	{ "name": "(GMT −06:00) America/Matamoros", "city": "America/Matamoros"},
	{ "name": "(GMT −06:00) America/Menominee", "city": "America/Menominee"},
	{ "name": "(GMT −06:00) America/Merida", "city": "America/Merida"},
	{ "name": "(GMT −06:00) America/Mexico_City", "city": "America/Mexico_City"},
	{ "name": "(GMT −06:00) America/Monterrey", "city": "America/Monterrey"},
	{ "name": "(GMT −06:00) America/North_Dakota/Beulah", "city": "America/North_Dakota/Beulah"},
	{ "name": "(GMT −06:00) America/North_Dakota/Center", "city": "America/North_Dakota/Center"},
	{ "name": "(GMT −06:00) America/North_Dakota/New_Salem", "city": "America/North_Dakota/New_Salem"},
	{ "name": "(GMT −06:00) America/Rainy_River", "city": "America/Rainy_River"},
	{ "name": "(GMT −06:00) America/Rankin_Inlet", "city": "America/Rankin_Inlet"},
	{ "name": "(GMT −06:00) America/Regina", "city": "America/Regina"},
	{ "name": "(GMT −06:00) America/Resolute", "city": "America/Resolute"},
	{ "name": "(GMT −06:00) America/Swift_Current", "city": "America/Swift_Current"},
	{ "name": "(GMT −06:00) America/Tegucigalpa", "city": "America/Tegucigalpa"},
	{ "name": "(GMT −06:00) America/Winnipeg", "city": "America/Winnipeg"},
	{ "name": "(GMT −06:00) Canada/Central", "city": "Canada/Central"},
	{ "name": "(GMT −06:00) Canada/Saskatchewan", "city": "Canada/Saskatchewan"},
	{ "name": "(GMT −06:00) Chile/EasterIsland", "city": "Chile/EasterIsland"},
	{ "name": "(GMT −06:00) CST6CDT", "city": "CST6CDT"},
	{ "name": "(GMT −06:00) Etc/GMT+6", "city": "Etc/GMT+6"},
	{ "name": "(GMT −06:00) Mexico/General", "city": "Mexico/General"},
	{ "name": "(GMT −06:00) Pacific/Easter", "city": "Pacific/Easter"},
	{ "name": "(GMT −06:00) Pacific/Galapagos", "city": "Pacific/Galapagos"},
	{ "name": "(GMT −06:00) US/Indiana-Starke", "city": "US/Indiana-Starke"},
	{ "name": "(GMT −05:00) America/Atikokan", "city": "America/Atikokan"},
	{ "name": "(GMT −05:00) America/Bogota", "city": "America/Bogota"},
	{ "name": "(GMT −05:00) America/Cancun", "city": "America/Cancun"},
	{ "name": "(GMT −05:00) America/Cayman", "city": "America/Cayman"},
	{ "name": "(GMT −05:00) America/Coral_Harbour", "city": "America/Coral_Harbour"},
	{ "name": "(GMT −05:00) America/Detroit", "city": "America/Detroit"},
	{ "name": "(GMT −05:00) America/Eirunepe", "city": "America/Eirunepe"},
	{ "name": "(GMT −05:00) America/Fort_Wayne", "city": "America/Fort_Wayne"},
	{ "name": "(GMT −05:00) America/Grand_Turk", "city": "America/Grand_Turk"},
	{ "name": "(GMT −05:00) America/Guayaquil", "city": "America/Guayaquil"},
	{ "name": "(GMT −05:00) America/Havana", "city": "America/Havana"},
	{ "name": "(GMT −05:00) America/Indiana/Indianapolis", "city": "America/Indiana/Indianapolis"},
	{ "name": "(GMT −05:00) America/Indiana/Marengo", "city": "America/Indiana/Marengo"},
	{ "name": "(GMT −05:00) America/Indiana/Petersburg", "city": "America/Indiana/Petersburg"},
	{ "name": "(GMT −05:00) America/Indiana/Vevay", "city": "America/Indiana/Vevay"},
	{ "name": "(GMT −05:00) America/Indiana/Vincennes", "city": "America/Indiana/Vincennes"},
	{ "name": "(GMT −05:00) America/Indiana/Winamac", "city": "America/Indiana/Winamac"},
	{ "name": "(GMT −05:00) America/Indianapolis", "city": "America/Indianapolis"},
	{ "name": "(GMT −05:00) America/Iqaluit", "city": "America/Iqaluit"},
	{ "name": "(GMT −05:00) America/Jamaica", "city": "America/Jamaica"},
	{ "name": "(GMT −05:00) America/Kentucky/Louisville", "city": "America/Kentucky/Louisville"},
	{ "name": "(GMT −05:00) America/Kentucky/Monticello", "city": "America/Kentucky/Monticello"},
	{ "name": "(GMT −05:00) America/Lima", "city": "America/Lima"},
	{ "name": "(GMT −05:00) America/Louisville", "city": "America/Louisville"},
	{ "name": "(GMT −05:00) America/Montreal", "city": "America/Montreal"},
	{ "name": "(GMT −05:00) America/Nassau", "city": "America/Nassau"},
	{ "name": "(GMT −05:00) America/New_York", "city": "America/New_York"},
	{ "name": "(GMT −05:00) America/Nipigon", "city": "America/Nipigon"},
	{ "name": "(GMT −05:00) America/Panama", "city": "America/Panama"},
	{ "name": "(GMT −05:00) America/Pangnirtung", "city": "America/Pangnirtung"},
	{ "name": "(GMT −05:00) America/Port-au-Prince", "city": "America/Port-au-Prince"},
	{ "name": "(GMT −05:00) America/Porto_Acre", "city": "America/Porto_Acre"},
	{ "name": "(GMT −05:00) America/Rio_Branco", "city": "America/Rio_Branco"},
	{ "name": "(GMT −05:00) America/Thunder_Bay", "city": "America/Thunder_Bay"},
	{ "name": "(GMT −05:00) America/Toronto", "city": "America/Toronto"},
	{ "name": "(GMT −05:00) Brazil/Acre", "city": "Brazil/Acre"},
	{ "name": "(GMT −05:00) Canada/Eastern", "city": "Canada/Eastern"},
	{ "name": "(GMT −05:00) Cuba", "city": "Cuba"},
	{ "name": "(GMT −05:00) Jamaica", "city": "Jamaica"},
	{ "name": "(GMT −05:00) US/Eastern", "city": "US/Eastern"},
	{ "name": "(GMT −05:00) US/East-Indiana", "city": "US/East-Indiana"},
	{ "name": "(GMT −05:00) US/Michigan", "city": "US/Michigan"},
	{ "name": "(GMT −04:00) America/Anguilla", "city": "America/Anguilla"},
	{ "name": "(GMT −04:00) America/Antigua", "city": "America/Antigua"},
	{ "name": "(GMT −04:00) America/Aruba", "city": "America/Aruba"},
	{ "name": "(GMT −04:00) America/Asuncion", "city": "America/Asuncion"},
	{ "name": "(GMT −04:00) America/Barbados", "city": "America/Barbados"},
	{ "name": "(GMT −04:00) America/Blanc-Sablon", "city": "America/Blanc-Sablon"},
	{ "name": "(GMT −04:00) America/Boa_Vista", "city": "America/Boa_Vista"},
	{ "name": "(GMT −04:00) America/Campo_Grande", "city": "America/Campo_Grande"},
	{ "name": "(GMT −04:00) America/Caracas", "city": "America/Caracas"},
	{ "name": "(GMT −04:00) America/Cuiaba", "city": "America/Cuiaba"},
	{ "name": "(GMT −04:00) America/Curacao", "city": "America/Curacao"},
	{ "name": "(GMT −04:00) America/Dominica", "city": "America/Dominica"},
	{ "name": "(GMT −04:00) America/Glace_Bay", "city": "America/Glace_Bay"},
	{ "name": "(GMT −04:00) America/Goose_Bay", "city": "America/Goose_Bay"},
	{ "name": "(GMT −04:00) America/Grenada", "city": "America/Grenada"},
	{ "name": "(GMT −04:00) America/Guadeloupe", "city": "America/Guadeloupe"},
	{ "name": "(GMT −04:00) America/Guyana", "city": "America/Guyana"},
	{ "name": "(GMT −04:00) America/Halifax", "city": "America/Halifax"},
	{ "name": "(GMT −04:00) America/Kralendijk", "city": "America/Kralendijk"},
	{ "name": "(GMT −04:00) America/La_Paz", "city": "America/La_Paz"},
	{ "name": "(GMT −04:00) America/Lower_Princes", "city": "America/Lower_Princes"},
	{ "name": "(GMT −04:00) America/Manaus", "city": "America/Manaus"},
	{ "name": "(GMT −04:00) America/Marigot", "city": "America/Marigot"},
	{ "name": "(GMT −04:00) America/Martinique", "city": "America/Martinique"},
	{ "name": "(GMT −04:00) America/Moncton", "city": "America/Moncton"},
	{ "name": "(GMT −04:00) America/Montserrat", "city": "America/Montserrat"},
	{ "name": "(GMT −04:00) America/Port_of_Spain", "city": "America/Port_of_Spain"},
	{ "name": "(GMT −04:00) America/Porto_Velho", "city": "America/Porto_Velho"},
	{ "name": "(GMT −04:00) America/Puerto_Rico", "city": "America/Puerto_Rico"},
	{ "name": "(GMT −04:00) America/Santiago", "city": "America/Santiago"},
	{ "name": "(GMT −04:00) America/Santo_Domingo", "city": "America/Santo_Domingo"},
	{ "name": "(GMT −04:00) America/St_Barthelemy", "city": "America/St_Barthelemy"},
	{ "name": "(GMT −04:00) America/St_Kitts", "city": "America/St_Kitts"},
	{ "name": "(GMT −04:00) America/St_Lucia", "city": "America/St_Lucia"},
	{ "name": "(GMT −04:00) America/St_Thomas", "city": "America/St_Thomas"},
	{ "name": "(GMT −04:00) America/St_Vincent", "city": "America/St_Vincent"},
	{ "name": "(GMT −04:00) America/Thule", "city": "America/Thule"},
	{ "name": "(GMT −04:00) America/Tortola", "city": "America/Tortola"},
	{ "name": "(GMT −04:00) America/Virgin", "city": "America/Virgin"},
	{ "name": "(GMT −04:00) Atlantic/Bermuda", "city": "Atlantic/Bermuda"},
	{ "name": "(GMT −04:00) Brazil/West", "city": "Brazil/West"},
	{ "name": "(GMT −04:00) Canada/Atlantic", "city": "Canada/Atlantic"},
	{ "name": "(GMT −04:00) Chile/Continental", "city": "Chile/Continental"},
	{ "name": "(GMT −03:30) America/St_Johns", "city": "America/St_Johns"},
	{ "name": "(GMT −03:30) Canada/Newfoundland", "city": "Canada/Newfoundland"},
	{ "name": "(GMT −03:00) America/Araguaina", "city": "America/Araguaina"},
	{ "name": "(GMT −03:00) America/Argentina/Buenos_Aires", "city": "America/Argentina/Buenos_Aires"},
	{ "name": "(GMT −03:00) America/Argentina/Catamarca", "city": "America/Argentina/Catamarca"},
	{ "name": "(GMT −03:00) America/Argentina/ComodRivadavia", "city": "America/Argentina/ComodRivadavia"},
	{ "name": "(GMT −03:00) America/Argentina/Cordoba", "city": "America/Argentina/Cordoba"},
	{ "name": "(GMT −03:00) America/Argentina/Jujuy", "city": "America/Argentina/Jujuy"},
	{ "name": "(GMT −03:00) America/Argentina/La_Rioja", "city": "America/Argentina/La_Rioja"},
	{ "name": "(GMT −03:00) America/Argentina/Mendoza", "city": "America/Argentina/Mendoza"},
	{ "name": "(GMT −03:00) America/Argentina/Rio_Gallegos", "city": "America/Argentina/Rio_Gallegos"},
	{ "name": "(GMT −03:00) America/Argentina/Salta", "city": "America/Argentina/Salta"},
	{ "name": "(GMT −03:00) America/Argentina/San_Juan", "city": "America/Argentina/San_Juan"},
	{ "name": "(GMT −03:00) America/Argentina/San_Luis", "city": "America/Argentina/San_Luis"},
	{ "name": "(GMT −03:00) America/Argentina/Tucuman", "city": "America/Argentina/Tucuman"},
	{ "name": "(GMT −03:00) America/Argentina/Ushuaia", "city": "America/Argentina/Ushuaia"},
	{ "name": "(GMT −03:00) America/Bahia", "city": "America/Bahia"},
	{ "name": "(GMT −03:00) America/Belem", "city": "America/Belem"},
	{ "name": "(GMT −03:00) America/Buenos_Aires", "city": "America/Buenos_Aires"},
	{ "name": "(GMT −03:00) America/Catamarca", "city": "America/Catamarca"},
	{ "name": "(GMT −03:00) America/Cayenne", "city": "America/Cayenne"},
	{ "name": "(GMT −03:00) America/Cordoba", "city": "America/Cordoba"},
	{ "name": "(GMT −03:00) America/Fortaleza", "city": "America/Fortaleza"},
	{ "name": "(GMT −03:00) America/Godthab", "city": "America/Godthab"},
	{ "name": "(GMT −03:00) America/Jujuy", "city": "America/Jujuy"},
	{ "name": "(GMT −03:00) America/Maceio", "city": "America/Maceio"},
	{ "name": "(GMT −03:00) America/Mendoza", "city": "America/Mendoza"},
	{ "name": "(GMT −03:00) America/Miquelon", "city": "America/Miquelon"},
	{ "name": "(GMT −03:00) America/Montevideo", "city": "America/Montevideo"},
	{ "name": "(GMT −03:00) America/Paramaribo", "city": "America/Paramaribo"},
	{ "name": "(GMT −03:00) America/Punta_Arenas", "city": "America/Punta_Arenas"},
	{ "name": "(GMT −03:00) America/Recife", "city": "America/Recife"},
	{ "name": "(GMT −03:00) America/Rosario", "city": "America/Rosario"},
	{ "name": "(GMT −03:00) America/Santarem", "city": "America/Santarem"},
	{ "name": "(GMT −03:00) America/Sao_Paulo", "city": "America/Sao_Paulo"},
	{ "name": "(GMT −03:00) Antarctica/Palmer", "city": "Antarctica/Palmer"},
	{ "name": "(GMT −03:00) Antarctica/Rothera", "city": "Antarctica/Rothera"},
	{ "name": "(GMT −03:00) Atlantic/Stanley", "city": "Atlantic/Stanley"},
	{ "name": "(GMT −03:00) Brazil/East", "city": "Brazil/East"},
	{ "name": "(GMT −02:00) America/Noronha", "city": "America/Noronha"},
	{ "name": "(GMT −02:00) Atlantic/South_Georgia", "city": "Atlantic/South_Georgia"},
	{ "name": "(GMT −02:00) Brazil/DeNoronha", "city": "Brazil/DeNoronha"},
	{ "name": "(GMT −01:00) America/Scoresbysund", "city": "America/Scoresbysund"},
	{ "name": "(GMT −01:00) Atlantic/Azores", "city": "Atlantic/Azores"},
	{ "name": "(GMT −01:00) Atlantic/Cape_Verde", "city": "Atlantic/Cape_Verde"},
	{ "name": "(GMT +00:00) Africa/Abidjan", "city": "Africa/Abidjan"},
	{ "name": "(GMT +00:00) Africa/Accra", "city": "Africa/Accra"},
	{ "name": "(GMT +00:00) Africa/Bamako", "city": "Africa/Bamako"},
	{ "name": "(GMT +00:00) Africa/Banjul", "city": "Africa/Banjul"},
	{ "name": "(GMT +00:00) Africa/Bissau", "city": "Africa/Bissau"},
	{ "name": "(GMT +00:00) Africa/Conakry", "city": "Africa/Conakry"},
	{ "name": "(GMT +00:00) Africa/Dakar", "city": "Africa/Dakar"},
	{ "name": "(GMT +00:00) Africa/El_Aaiun", "city": "Africa/El_Aaiun"},
	{ "name": "(GMT +00:00) Africa/Freetown", "city": "Africa/Freetown"},
	{ "name": "(GMT +00:00) Africa/Lome", "city": "Africa/Lome"},
	{ "name": "(GMT +00:00) Africa/Monrovia", "city": "Africa/Monrovia"},
	{ "name": "(GMT +00:00) Africa/Nouakchott", "city": "Africa/Nouakchott"},
	{ "name": "(GMT +00:00) Africa/Ouagadougou", "city": "Africa/Ouagadougou"},
	{ "name": "(GMT +00:00) Africa/Sao_Tome", "city": "Africa/Sao_Tome"},
	{ "name": "(GMT +00:00) Africa/Timbuktu", "city": "Africa/Timbuktu"},
	{ "name": "(GMT +00:00) America/Danmarkshavn", "city": "America/Danmarkshavn"},
	{ "name": "(GMT +00:00) Antarctica/Troll", "city": "Antarctica/Troll"},
	{ "name": "(GMT +00:00) Atlantic/Canary", "city": "Atlantic/Canary"},
	{ "name": "(GMT +00:00) Atlantic/Faeroe", "city": "Atlantic/Faeroe"},
	{ "name": "(GMT +00:00) Atlantic/Faroe", "city": "Atlantic/Faroe"},
	{ "name": "(GMT +00:00) Atlantic/Madeira", "city": "Atlantic/Madeira"},
	{ "name": "(GMT +00:00) Atlantic/Reykjavik", "city": "Atlantic/Reykjavik"},
	{ "name": "(GMT +00:00) Atlantic/St_Helena", "city": "Atlantic/St_Helena"},
	{ "name": "(GMT +00:00) Eire", "city": "Eire"},
	{ "name": "(GMT +00:00) Etc/Greenwich", "city": "Etc/Greenwich"},
	{ "name": "(GMT +00:00) Europe/Belfast", "city": "Europe/Belfast"},
	{ "name": "(GMT +00:00) Europe/Dublin", "city": "Europe/Dublin"},
	{ "name": "(GMT +00:00) Europe/Guernsey", "city": "Europe/Guernsey"},
	{ "name": "(GMT +00:00) Europe/Isle_of_Man", "city": "Europe/Isle_of_Man"},
	{ "name": "(GMT +00:00) Europe/Jersey", "city": "Europe/Jersey"},
	{ "name": "(GMT +00:00) Europe/Lisbon", "city": "Europe/Lisbon"},
	{ "name": "(GMT +00:00) Europe/London", "city": "Europe/London"},
	{ "name": "(GMT +00:00) GB-Eire", "city": "GB-Eire"},
	{ "name": "(GMT +00:00) Greenwich", "city": "Greenwich"},
	{ "name": "(GMT +00:00) Iceland", "city": "Iceland"},
	{ "name": "(GMT +00:00) Portugal", "city": "Portugal"},
	{ "name": "(GMT +01:00) Africa/Algiers", "city": "Africa/Algiers"},
	{ "name": "(GMT +01:00) Africa/Bangui", "city": "Africa/Bangui"},
	{ "name": "(GMT +01:00) Africa/Brazzaville", "city": "Africa/Brazzaville"},
	{ "name": "(GMT +01:00) Africa/Casablanca", "city": "Africa/Casablanca"},
	{ "name": "(GMT +01:00) Africa/Ceuta", "city": "Africa/Ceuta"},
	{ "name": "(GMT +01:00) Africa/Douala", "city": "Africa/Douala"},
	{ "name": "(GMT +01:00) Africa/Kinshasa", "city": "Africa/Kinshasa"},
	{ "name": "(GMT +01:00) Africa/Lagos", "city": "Africa/Lagos"},
	{ "name": "(GMT +01:00) Africa/Libreville", "city": "Africa/Libreville"},
	{ "name": "(GMT +01:00) Africa/Luanda", "city": "Africa/Luanda"},
	{ "name": "(GMT +01:00) Africa/Malabo", "city": "Africa/Malabo"},
	{ "name": "(GMT +01:00) Africa/Ndjamena", "city": "Africa/Ndjamena"},
	{ "name": "(GMT +01:00) Africa/Niamey", "city": "Africa/Niamey"},
	{ "name": "(GMT +01:00) Africa/Porto-Novo", "city": "Africa/Porto-Novo"},
	{ "name": "(GMT +01:00) Africa/Tunis", "city": "Africa/Tunis"},
	{ "name": "(GMT +01:00) Arctic/Longyearbyen", "city": "Arctic/Longyearbyen"},
	{ "name": "(GMT +01:00) Atlantic/Jan_Mayen", "city": "Atlantic/Jan_Mayen"},
	{ "name": "(GMT +01:00) Europe/Amsterdam", "city": "Europe/Amsterdam"},
	{ "name": "(GMT +01:00) Europe/Andorra", "city": "Europe/Andorra"},
	{ "name": "(GMT +01:00) Europe/Belgrade", "city": "Europe/Belgrade"},
	{ "name": "(GMT +01:00) Europe/Berlin", "city": "Europe/Berlin"},
	{ "name": "(GMT +01:00) Europe/Bratislava", "city": "Europe/Bratislava"},
	{ "name": "(GMT +01:00) Europe/Brussels", "city": "Europe/Brussels"},
	{ "name": "(GMT +01:00) Europe/Budapest", "city": "Europe/Budapest"},
	{ "name": "(GMT +01:00) Europe/Busingen", "city": "Europe/Busingen"},
	{ "name": "(GMT +01:00) Europe/Copenhagen", "city": "Europe/Copenhagen"},
	{ "name": "(GMT +01:00) Europe/Gibraltar", "city": "Europe/Gibraltar"},
	{ "name": "(GMT +01:00) Europe/Ljubljana", "city": "Europe/Ljubljana"},
	{ "name": "(GMT +01:00) Europe/Luxembourg", "city": "Europe/Luxembourg"},
	{ "name": "(GMT +01:00) Europe/Madrid", "city": "Europe/Madrid"},
	{ "name": "(GMT +01:00) Europe/Malta", "city": "Europe/Malta"},
	{ "name": "(GMT +01:00) Europe/Monaco", "city": "Europe/Monaco"},
	{ "name": "(GMT +01:00) Europe/Oslo", "city": "Europe/Oslo"},
	{ "name": "(GMT +01:00) Europe/Paris", "city": "Europe/Paris"},
	{ "name": "(GMT +01:00) Europe/Podgorica", "city": "Europe/Podgorica"},
	{ "name": "(GMT +01:00) Europe/Prague", "city": "Europe/Prague"},
	{ "name": "(GMT +01:00) Europe/Rome", "city": "Europe/Rome"},
	{ "name": "(GMT +01:00) Europe/San_Marino", "city": "Europe/San_Marino"},
	{ "name": "(GMT +01:00) Europe/Sarajevo", "city": "Europe/Sarajevo"},
	{ "name": "(GMT +01:00) Europe/Skopje", "city": "Europe/Skopje"},
	{ "name": "(GMT +01:00) Europe/Stockholm", "city": "Europe/Stockholm"},
	{ "name": "(GMT +01:00) Europe/Tirane", "city": "Europe/Tirane"},
	{ "name": "(GMT +01:00) Europe/Vaduz", "city": "Europe/Vaduz"},
	{ "name": "(GMT +01:00) Europe/Vatican", "city": "Europe/Vatican"},
	{ "name": "(GMT +01:00) Europe/Vienna", "city": "Europe/Vienna"},
	{ "name": "(GMT +01:00) Europe/Warsaw", "city": "Europe/Warsaw"},
	{ "name": "(GMT +01:00) Europe/Zagreb", "city": "Europe/Zagreb"},
	{ "name": "(GMT +01:00) Europe/Zurich", "city": "Europe/Zurich"},
	{ "name": "(GMT +01:00) MET", "city": "MET"},
	{ "name": "(GMT +01:00) Poland", "city": "Poland"},
	{ "name": "(GMT +02:00) Africa/Blantyre", "city": "Africa/Blantyre"},
	{ "name": "(GMT +02:00) Africa/Bujumbura", "city": "Africa/Bujumbura"},
	{ "name": "(GMT +02:00) Africa/Cairo", "city": "Africa/Cairo"},
	{ "name": "(GMT +02:00) Africa/Gaborone", "city": "Africa/Gaborone"},
	{ "name": "(GMT +02:00) Africa/Harare", "city": "Africa/Harare"},
	{ "name": "(GMT +02:00) Africa/Johannesburg", "city": "Africa/Johannesburg"},
	{ "name": "(GMT +02:00) Africa/Khartoum", "city": "Africa/Khartoum"},
	{ "name": "(GMT +02:00) Africa/Kigali", "city": "Africa/Kigali"},
	{ "name": "(GMT +02:00) Africa/Lubumbashi", "city": "Africa/Lubumbashi"},
	{ "name": "(GMT +02:00) Africa/Lusaka", "city": "Africa/Lusaka"},
	{ "name": "(GMT +02:00) Africa/Maputo", "city": "Africa/Maputo"},
	{ "name": "(GMT +02:00) Africa/Maseru", "city": "Africa/Maseru"},
	{ "name": "(GMT +02:00) Africa/Mbabane", "city": "Africa/Mbabane"},
	{ "name": "(GMT +02:00) Africa/Tripoli", "city": "Africa/Tripoli"},
	{ "name": "(GMT +02:00) Africa/Windhoek", "city": "Africa/Windhoek"},
	{ "name": "(GMT +02:00) Asia/Amman", "city": "Asia/Amman"},
	{ "name": "(GMT +02:00) Asia/Beirut", "city": "Asia/Beirut"},
	{ "name": "(GMT +02:00) Asia/Damascus", "city": "Asia/Damascus"},
	{ "name": "(GMT +02:00) Asia/Famagusta", "city": "Asia/Famagusta"},
	{ "name": "(GMT +02:00) Asia/Gaza", "city": "Asia/Gaza"},
	{ "name": "(GMT +02:00) Asia/Hebron", "city": "Asia/Hebron"},
	{ "name": "(GMT +02:00) Asia/Jerusalem", "city": "Asia/Jerusalem"},
	{ "name": "(GMT +02:00) Asia/Tel_Aviv", "city": "Asia/Tel_Aviv"},
	{ "name": "(GMT +02:00) Egypt", "city": "Egypt"},
	{ "name": "(GMT +02:00) Europe/Athens", "city": "Europe/Athens"},
	{ "name": "(GMT +02:00) Europe/Bucharest", "city": "Europe/Bucharest"},
	{ "name": "(GMT +02:00) Europe/Chisinau", "city": "Europe/Chisinau"},
	{ "name": "(GMT +02:00) Europe/Helsinki", "city": "Europe/Helsinki"},
	{ "name": "(GMT +02:00) Europe/Kaliningrad", "city": "Europe/Kaliningrad"},
	{ "name": "(GMT +02:00) Europe/Kiev", "city": "Europe/Kiev"},
	{ "name": "(GMT +02:00) Europe/Mariehamn", "city": "Europe/Mariehamn"},
	{ "name": "(GMT +02:00) Asia/Nicosia", "city": "Asia/Nicosia"},
	{ "name": "(GMT +02:00) Europe/Riga", "city": "Europe/Riga"},
	{ "name": "(GMT +02:00) Europe/Sofia", "city": "Europe/Sofia"},
	{ "name": "(GMT +02:00) Europe/Tallinn", "city": "Europe/Tallinn"},
	{ "name": "(GMT +02:00) Europe/Tiraspol", "city": "Europe/Tiraspol"},
	{ "name": "(GMT +02:00) Europe/Uzhgorod", "city": "Europe/Uzhgorod"},
	{ "name": "(GMT +02:00) Europe/Vilnius", "city": "Europe/Vilnius"},
	{ "name": "(GMT +02:00) Europe/Zaporozhye", "city": "Europe/Zaporozhye"},
	{ "name": "(GMT +02:00) Israel", "city": "Israel"},
	{ "name": "(GMT +02:00) Libya", "city": "Libya"},
	{ "name": "(GMT +03:00) Africa/Addis_Ababa", "city": "Africa/Addis_Ababa"},
	{ "name": "(GMT +03:00) Africa/Asmara", "city": "Africa/Asmara"},
	{ "name": "(GMT +03:00) Africa/Dar_es_Salaam", "city": "Africa/Dar_es_Salaam"},
	{ "name": "(GMT +03:00) Africa/Djibouti", "city": "Africa/Djibouti"},
	{ "name": "(GMT +03:00) Africa/Juba", "city": "Africa/Juba"},
	{ "name": "(GMT +03:00) Africa/Kampala", "city": "Africa/Kampala"},
	{ "name": "(GMT +03:00) Africa/Mogadishu", "city": "Africa/Mogadishu"},
	{ "name": "(GMT +03:00) Africa/Nairobi", "city": "Africa/Nairobi"},
	{ "name": "(GMT +03:00) Antarctica/Syowa", "city": "Antarctica/Syowa"},
	{ "name": "(GMT +03:00) Asia/Aden", "city": "Asia/Aden"},
	{ "name": "(GMT +03:00) Asia/Baghdad", "city": "Asia/Baghdad"},
	{ "name": "(GMT +03:00) Asia/Bahrain", "city": "Asia/Bahrain"},
	{ "name": "(GMT +03:00) Asia/Istanbul", "city": "Asia/Istanbul"},
	{ "name": "(GMT +03:00) Asia/Kuwait", "city": "Asia/Kuwait"},
	{ "name": "(GMT +03:00) Asia/Qatar", "city": "Asia/Qatar"},
	{ "name": "(GMT +03:00) Asia/Riyadh", "city": "Asia/Riyadh"},
	{ "name": "(GMT +03:00) Europe/Istanbul", "city": "Europe/Istanbul"},
	{ "name": "(GMT +03:00) Europe/Kirov", "city": "Europe/Kirov"},
	{ "name": "(GMT +03:00) Europe/Minsk", "city": "Europe/Minsk"},
	{ "name": "(GMT +03:00) Europe/Moscow", "city": "Europe/Moscow"},
	{ "name": "(GMT +03:00) Europe/Simferopol", "city": "Europe/Simferopol"},
	{ "name": "(GMT +03:00) Indian/Antananarivo", "city": "Indian/Antananarivo"},
	{ "name": "(GMT +03:00) Indian/Comoro", "city": "Indian/Comoro"},
	{ "name": "(GMT +03:00) Indian/Mayotte", "city": "Indian/Mayotte"},
	{ "name": "(GMT +03:00) Turkey", "city": "Turkey"},
	{ "name": "(GMT +03:00) W-SU", "city": "W-SU"},
	{ "name": "(GMT +03:30) Asia/Tehran", "city": "Asia/Tehran"},
	{ "name": "(GMT +03:30) Iran", "city": "Iran"},
	{ "name": "(GMT +04:00) Asia/Baku", "city": "Asia/Baku"},
	{ "name": "(GMT +04:00) Asia/Dubai", "city": "Asia/Dubai"},
	{ "name": "(GMT +04:00) Asia/Muscat", "city": "Asia/Muscat"},
	{ "name": "(GMT +04:00) Asia/Tbilisi", "city": "Asia/Tbilisi"},
	{ "name": "(GMT +04:00) Asia/Yerevan", "city": "Asia/Yerevan"},
	{ "name": "(GMT +04:00) Europe/Astrakhan", "city": "Europe/Astrakhan"},
	{ "name": "(GMT +04:00) Europe/Samara", "city": "Europe/Samara"},
	{ "name": "(GMT +04:00) Europe/Saratov", "city": "Europe/Saratov"},
	{ "name": "(GMT +04:00) Europe/Ulyanovsk", "city": "Europe/Ulyanovsk"},
	{ "name": "(GMT +04:00) Europe/Volgograd", "city": "Europe/Volgograd"},
	{ "name": "(GMT +04:00) Indian/Mahe", "city": "Indian/Mahe"},
	{ "name": "(GMT +04:00) Indian/Mauritius", "city": "Indian/Mauritius"},
	{ "name": "(GMT +04:00) Indian/Reunion", "city": "Indian/Reunion"},
	{ "name": "(GMT +04:30) Asia/Kabul", "city": "Asia/Kabul"},
	{ "name": "(GMT +05:00) Antarctica/Mawson", "city": "Antarctica/Mawson"},
	{ "name": "(GMT +05:00) Asia/Aqtau", "city": "Asia/Aqtau"},
	{ "name": "(GMT +05:00) Asia/Aqtobe", "city": "Asia/Aqtobe"},
	{ "name": "(GMT +05:00) Asia/Ashgabat", "city": "Asia/Ashgabat"},
	{ "name": "(GMT +05:00) Asia/Ashkhabad", "city": "Asia/Ashkhabad"},
	{ "name": "(GMT +05:00) Asia/Atyrau", "city": "Asia/Atyrau"},
	{ "name": "(GMT +05:00) Asia/Dushanbe", "city": "Asia/Dushanbe"},
	{ "name": "(GMT +05:00) Asia/Karachi", "city": "Asia/Karachi"},
	{ "name": "(GMT +05:00) Asia/Oral", "city": "Asia/Oral"},
	{ "name": "(GMT +05:00) Asia/Qyzylorda", "city": "Asia/Qyzylorda"},
	{ "name": "(GMT +05:00) Asia/Samarkand", "city": "Asia/Samarkand"},
	{ "name": "(GMT +05:00) Asia/Tashkent", "city": "Asia/Tashkent"},
	{ "name": "(GMT +05:00) Asia/Yekaterinburg", "city": "Asia/Yekaterinburg"},
	{ "name": "(GMT +05:00) Indian/Kerguelen", "city": "Indian/Kerguelen"},
	{ "name": "(GMT +05:00) Indian/Maldives", "city": "Indian/Maldives"},
	{ "name": "(GMT +05:30) Asia/Calcutta", "city": "Asia/Calcutta"},
	{ "name": "(GMT +05:30) Asia/Colombo", "city": "Asia/Colombo"},
	{ "name": "(GMT +05:30) Asia/Kolkata", "city": "Asia/Kolkata"},
	{ "name": "(GMT +05:45) Asia/Kathmandu", "city": "Asia/Kathmandu"},
	{ "name": "(GMT +05:45) Asia/Katmandu", "city": "Asia/Katmandu"},
	{ "name": "(GMT +06:00) Antarctica/Vostok", "city": "Antarctica/Vostok"},
	{ "name": "(GMT +06:00) Asia/Almaty", "city": "Asia/Almaty"},
	{ "name": "(GMT +06:00) Asia/Bishkek", "city": "Asia/Bishkek"},
	{ "name": "(GMT +06:00) Asia/Dacca", "city": "Asia/Dacca"},
	{ "name": "(GMT +06:00) Asia/Dhaka", "city": "Asia/Dhaka"},
	{ "name": "(GMT +06:00) Asia/Kashgar", "city": "Asia/Kashgar"},
	{ "name": "(GMT +06:00) Asia/Omsk", "city": "Asia/Omsk"},
	{ "name": "(GMT +06:00) Asia/Thimbu", "city": "Asia/Thimbu"},
	{ "name": "(GMT +06:00) Asia/Thimphu", "city": "Asia/Thimphu"},
	{ "name": "(GMT +06:00) Asia/Urumqi", "city": "Asia/Urumqi"},
	{ "name": "(GMT +06:00) Indian/Chagos", "city": "Indian/Chagos"},
	{ "name": "(GMT +06:30) Asia/Rangoon", "city": "Asia/Rangoon"},
	{ "name": "(GMT +06:30) Asia/Yangon", "city": "Asia/Yangon"},
	{ "name": "(GMT +06:30) Indian/Cocos", "city": "Indian/Cocos"},
	{ "name": "(GMT +07:00) Antarctica/Davis", "city": "Antarctica/Davis"},
	{ "name": "(GMT +07:00) Asia/Bangkok", "city": "Asia/Bangkok"},
	{ "name": "(GMT +07:00) Asia/Barnaul", "city": "Asia/Barnaul"},
	{ "name": "(GMT +07:00) Asia/Ho_Chi_Minh", "city": "Asia/Ho_Chi_Minh"},
	{ "name": "(GMT +07:00) Asia/Hovd", "city": "Asia/Hovd"},
	{ "name": "(GMT +07:00) Asia/Jakarta", "city": "Asia/Jakarta"},
	{ "name": "(GMT +07:00) Asia/Krasnoyarsk", "city": "Asia/Krasnoyarsk"},
	{ "name": "(GMT +07:00) Asia/Novokuznetsk", "city": "Asia/Novokuznetsk"},
	{ "name": "(GMT +07:00) Asia/Novosibirsk", "city": "Asia/Novosibirsk"},
	{ "name": "(GMT +07:00) Asia/Phnom_Penh", "city": "Asia/Phnom_Penh"},
	{ "name": "(GMT +07:00) Asia/Pontianak", "city": "Asia/Pontianak"},
	{ "name": "(GMT +07:00) Asia/Saigon", "city": "Asia/Saigon"},
	{ "name": "(GMT +07:00) Asia/Tomsk", "city": "Asia/Tomsk"},
	{ "name": "(GMT +07:00) Asia/Vientiane", "city": "Asia/Vientiane"},
	{ "name": "(GMT +07:00) Indian/Christmas", "city": "Indian/Christmas"},
	{ "name": "(GMT +08:00) Asia/Brunei", "city": "Asia/Brunei"},
	{ "name": "(GMT +08:00) Asia/Choibalsan", "city": "Asia/Choibalsan"},
	{ "name": "(GMT +08:00) Asia/Chongqing", "city": "Asia/Chongqing"},
	{ "name": "(GMT +08:00) Asia/Chungking", "city": "Asia/Chungking"},
	{ "name": "(GMT +08:00) Asia/Harbin", "city": "Asia/Harbin"},
	{ "name": "(GMT +08:00) Asia/Hong_Kong", "city": "Asia/Hong_Kong"},
	{ "name": "(GMT +08:00) Asia/Irkutsk", "city": "Asia/Irkutsk"},
	{ "name": "(GMT +08:00) Asia/Kuala_Lumpur", "city": "Asia/Kuala_Lumpur"},
	{ "name": "(GMT +08:00) Asia/Kuching", "city": "Asia/Kuching"},
	{ "name": "(GMT +08:00) Asia/Macao", "city": "Asia/Macao"},
	{ "name": "(GMT +08:00) Asia/Macau", "city": "Asia/Macau"},
	{ "name": "(GMT +08:00) Asia/Makassar", "city": "Asia/Makassar"},
	{ "name": "(GMT +08:00) Asia/Manila", "city": "Asia/Manila"},
	{ "name": "(GMT +08:00) Asia/Shanghai", "city": "Asia/Shanghai"},
	{ "name": "(GMT +08:00) Asia/Singapore", "city": "Asia/Singapore"},
	{ "name": "(GMT +08:00) Asia/Taipei", "city": "Asia/Taipei"},
	{ "name": "(GMT +08:00) Asia/Ujung_Pandang", "city": "Asia/Ujung_Pandang"},
	{ "name": "(GMT +08:00) Asia/Ulaanbaatar", "city": "Asia/Ulaanbaatar"},
	{ "name": "(GMT +08:00) Asia/Ulan_Bator", "city": "Asia/Ulan_Bator"},
	{ "name": "(GMT +08:00) Australia/Perth", "city": "Australia/Perth"},
	{ "name": "(GMT +08:00) Australia/West", "city": "Australia/West"},
	{ "name": "(GMT +08:00) Hongkong", "city": "Hongkong"},
	{ "name": "(GMT +08:00) PRC", "city": "PRC"},
	{ "name": "(GMT +08:00) ROC", "city": "ROC"},
	{ "name": "(GMT +08:00) Singapore", "city": "Singapore"},
	{ "name": "(GMT +08:45) Australia/Eucla", "city": "Australia/Eucla"},
	{ "name": "(GMT +09:00) Asia/Chita", "city": "Asia/Chita"},
	{ "name": "(GMT +09:00) Asia/Dili", "city": "Asia/Dili"},
	{ "name": "(GMT +09:00) Asia/Jayapura", "city": "Asia/Jayapura"},
	{ "name": "(GMT +09:00) Asia/Khandyga", "city": "Asia/Khandyga"},
	{ "name": "(GMT +09:00) Asia/Pyongyang", "city": "Asia/Pyongyang"},
	{ "name": "(GMT +09:00) Asia/Seoul", "city": "Asia/Seoul"},
	{ "name": "(GMT +09:00) Asia/Tokyo", "city": "Asia/Tokyo"},
	{ "name": "(GMT +09:00) Asia/Yakutsk", "city": "Asia/Yakutsk"},
	{ "name": "(GMT +09:00) Japan", "city": "Japan"},
	{ "name": "(GMT +09:00) Pacific/Palau", "city": "Pacific/Palau"},
	{ "name": "(GMT +09:00) ROK", "city": "ROK"},
	{ "name": "(GMT +09:30) Australia/Adelaide", "city": "Australia/Adelaide"},
	{ "name": "(GMT +09:30) Australia/Broken_Hill", "city": "Australia/Broken_Hill"},
	{ "name": "(GMT +09:30) Australia/Darwin", "city": "Australia/Darwin"},
	{ "name": "(GMT +09:30) Australia/North", "city": "Australia/North"},
	{ "name": "(GMT +09:30) Australia/South", "city": "Australia/South"},
	{ "name": "(GMT +09:30) Australia/Yancowinna", "city": "Australia/Yancowinna"},
	{ "name": "(GMT +10:00) Antarctica/DumontDUrville", "city": "Antarctica/DumontDUrville"},
	{ "name": "(GMT +10:00) Asia/Ust-Nera", "city": "Asia/Ust-Nera"},
	{ "name": "(GMT +10:00) Asia/Vladivostok", "city": "Asia/Vladivostok"},
	{ "name": "(GMT +10:00) Australia/ACT", "city": "Australia/ACT"},
	{ "name": "(GMT +10:00) Australia/Brisbane", "city": "Australia/Brisbane"},
	{ "name": "(GMT +10:00) Australia/Canberra", "city": "Australia/Canberra"},
	{ "name": "(GMT +10:00) Australia/Currie", "city": "Australia/Currie"},
	{ "name": "(GMT +10:00) Australia/Hobart", "city": "Australia/Hobart"},
	{ "name": "(GMT +10:00) Australia/Lindeman", "city": "Australia/Lindeman"},
	{ "name": "(GMT +10:00) Australia/Melbourne", "city": "Australia/Melbourne"},
	{ "name": "(GMT +10:00) Australia/NSW", "city": "Australia/NSW"},
	{ "name": "(GMT +10:00) Australia/Queensland", "city": "Australia/Queensland"},
	{ "name": "(GMT +10:00) Australia/Sydney", "city": "Australia/Sydney"},
	{ "name": "(GMT +10:00) Australia/Tasmania", "city": "Australia/Tasmania"},
	{ "name": "(GMT +10:00) Australia/Victoria", "city": "Australia/Victoria"},
	{ "name": "(GMT +10:00) Pacific/Chuuk", "city": "Pacific/Chuuk"},
	{ "name": "(GMT +10:00) Pacific/Guam", "city": "Pacific/Guam"},
	{ "name": "(GMT +10:00) Pacific/Port_Moresby", "city": "Pacific/Port_Moresby"},
	{ "name": "(GMT +10:00) Pacific/Saipan", "city": "Pacific/Saipan"},
	{ "name": "(GMT +10:00) Pacific/Truk", "city": "Pacific/Truk"},
	{ "name": "(GMT +10:00) Pacific/Yap", "city": "Pacific/Yap"},
	{ "name": "(GMT +10:30) Australia/LHI", "city": "Australia/LHI"},
	{ "name": "(GMT +10:30) Australia/Lord_Howe", "city": "Australia/Lord_Howe"},
	{ "name": "(GMT +11:00) Antarctica/Casey", "city": "Antarctica/Casey"},
	{ "name": "(GMT +11:00) Antarctica/Macquarie", "city": "Antarctica/Macquarie"},
	{ "name": "(GMT +11:00) Asia/Magadan", "city": "Asia/Magadan"},
	{ "name": "(GMT +11:00) Asia/Sakhalin", "city": "Asia/Sakhalin"},
	{ "name": "(GMT +11:00) Asia/Srednekolymsk", "city": "Asia/Srednekolymsk"},
	{ "name": "(GMT +11:00) Pacific/Bougainville", "city": "Pacific/Bougainville"},
	{ "name": "(GMT +11:00) Pacific/Efate", "city": "Pacific/Efate"},
	{ "name": "(GMT +11:00) Pacific/Guadalcanal", "city": "Pacific/Guadalcanal"},
	{ "name": "(GMT +11:00) Pacific/Kosrae", "city": "Pacific/Kosrae"},
	{ "name": "(GMT +11:00) Pacific/Norfolk", "city": "Pacific/Norfolk"},
	{ "name": "(GMT +11:00) Pacific/Noumea", "city": "Pacific/Noumea"},
	{ "name": "(GMT +11:00) Pacific/Pohnpei", "city": "Pacific/Pohnpei"},
	{ "name": "(GMT +11:00) Pacific/Ponape", "city": "Pacific/Ponape"},
	{ "name": "(GMT +12:00) Antarctica/McMurdo", "city": "Antarctica/McMurdo"},
	{ "name": "(GMT +12:00) Antarctica/South_Pole", "city": "Antarctica/South_Pole"},
	{ "name": "(GMT +12:00) Asia/Anadyr", "city": "Asia/Anadyr"},
	{ "name": "(GMT +12:00) Asia/Kamchatka", "city": "Asia/Kamchatka"},
	{ "name": "(GMT +12:00) Kwajalein", "city": "Kwajalein"},
	{ "name": "(GMT +12:00) NZ", "city": "NZ"},
	{ "name": "(GMT +12:00) Pacific/Auckland", "city": "Pacific/Auckland"},
	{ "name": "(GMT +12:00) Pacific/Fiji", "city": "Pacific/Fiji"},
	{ "name": "(GMT +12:00) Pacific/Funafuti", "city": "Pacific/Funafuti"},
	{ "name": "(GMT +12:00) Pacific/Kwajalein", "city": "Pacific/Kwajalein"},
	{ "name": "(GMT +12:00) Pacific/Majuro", "city": "Pacific/Majuro"},
	{ "name": "(GMT +12:00) Pacific/Nauru", "city": "Pacific/Nauru"},
	{ "name": "(GMT +12:00) Pacific/Tarawa", "city": "Pacific/Tarawa"},
	{ "name": "(GMT +12:00) Pacific/Wake", "city": "Pacific/Wake"},
	{ "name": "(GMT +12:00) Pacific/Wallis", "city": "Pacific/Wallis"},
	{ "name": "(GMT +12:45) NZ-CHAT", "city": "NZ-CHAT"},
	{ "name": "(GMT +12:45) Pacific/Chatham", "city": "Pacific/Chatham"},
	{ "name": "(GMT +13:00) Pacific/Apia", "city": "Pacific/Apia"},
	{ "name": "(GMT +13:00) Pacific/Enderbury", "city": "Pacific/Enderbury"},
	{ "name": "(GMT +13:00) Pacific/Fakaofo", "city": "Pacific/Fakaofo"},
	{ "name": "(GMT +13:00) Pacific/Tongatapu", "city": "Pacific/Tongatapu"},
	{ "name": "(GMT +14:00) Pacific/Kiritimati", "city": "Pacific/Kiritimati"}
]